,index,지점,지점명,일시,평균기온(°C),평균최고기온(°C),평균최저기온(°C),최고기온(°C),최저기온(°C),최고기온 나타난날(yyyymmdd),최저기온 나타난날(yyyymmdd),평균현지기압(hPa),평균해면기압(hPa),최고해면기압(hPa),최저해면기압(hPa),최고해면기압 나타난날(yyyymmdd),최저해면기압 나타난날(yyyymmdd),평균수증기압(hPa),최고수증기압(hPa),최저수증기압(hPa),최고수증기압 나타난날(yyyymmdd),최저수증기압 나타난날(yyyymmdd),평균이슬점온도(°C),평균상대습도(%),최소상대습도(%),최소상대습도 나타난날(yyyymmdd),월합강수량(00~24h만)(mm),일최다강수량(mm),1시간최다강수량(mm),10분최다강수량(mm),일최다강수량 나타난날(yyyymmdd),1시간최다강수량 나타난날(yyyymmdd),10분최다강수량 나타난날(yyyymmdd),소형총증발량(mm),소형일최대증발량(mm),대형총증발량(mm),대형일최대증발량(mm),소형일최대증발량 나타난날(yyyymmdd),대형일최대증발량 나타난날(yyyymmdd),평균풍속(m/s),최대풍속(m/s),최대순간풍속(m/s),최대풍속 풍향(16방위),최대순간풍속 풍향(16방위),최대풍속 나타난날(yyyymmdd),최대순간풍속 나타난날(yyyymmdd),최다풍향(16방위),평균운량(1/10),평균중하층운량(1/10),합계 일조시간(hr),일조율(%),합계 일사량(MJ/m2),최심적설(cm),최심신적설(cm),3시간신적설합(cm),최심적설 나타난날(yyyymmdd),최심신적설 나타난날(yyyymmdd),평균 최저초상온도(°C),최저초상온도(°C),최저초상온도 나타난날(yyyymmdd),평균지면온도(°C),0.05m평균지중온도(°C),0.1m평균지중온도(°C),0.2m평균지중온도(°C),0.3m평균지중온도(°C),0.5m평균지중온도(°C),1.0m평균지중온도(°C),1.5m평균지중온도(°C),3.0m평균지중온도(°C),5.0m평균지중온도(°C)
0,2728,108,서울,2013-02,-1.2,2.8,-4.9,13.9,-15.8,20130228.0,20130208.0,1014.2,1025.1,1034.9,1011.1,20130208.0,20130228.0,3.2,10.7,0.7,20130201.0,20130208.0,-10.3,54.0,15.0,20130224.0,74.1,46.5,,,20130201.0,,,48.7,3.3,,,20130225.0,,2.9,8.4,14.8,270.0,290.0,20130223.0,20130223.0,290.0,4.7,2.8,187.2,61.78,296.48,16.5,9.0,24.9,20130204.0,20130203.0,-7.0,-18.1,20130208.0,0.4,0.0,-0.3,-0.1,0.1,1.1,3.1,4.6,11.3,15.2
1,2729,108,서울,2013-03,5.1,10.8,0.7,23.8,-4.4,20130309.0,20130302.0,1007.3,1017.9,1028.9,1000.5,20130314.0,20130309.0,4.3,9.7,1.5,20130313.0,20130320.0,-5.7,49.0,8.0,20130327.0,27.3,11.5,,,20130313.0,,,96.7,8.1,,,20130309.0,,3.0,8.8,15.4,230.0,320.0,20130309.0,20130320.0,270.0,3.3,2.1,256.3,69.05,443.31,,,,,,-2.7,-6.7,20130321.0,7.0,6.0,5.7,5.5,5.5,5.1,5.4,5.9,10.1,13.9
2,2730,108,서울,2013-04,10.0,15.0,5.7,21.6,1.3,20130428.0,20130410.0,1002.6,1012.9,1024.7,997.3,20130422.0,20130406.0,6.5,15.9,1.5,20130429.0,20130414.0,-0.1,54.0,12.0,20130414.0,71.7,21.0,11.5,4.0,20130429.0,20130429.0,20130429.0,111.1,6.6,78.5,5.5,20130413.0,20130413.0,3.4,9.9,17.7,230.0,200.0,20130416.0,20130429.0,270.0,5.0,3.4,213.2,53.92,449.86,,,,,,2.8,-3.9,20130410.0,11.5,11.1,10.6,10.5,10.3,10.1,9.3,9.1,10.3,13.0
3,2731,108,서울,2013-05,18.2,23.6,13.7,31.8,7.9,20130525.0,20130506.0,1001.5,1011.5,1022.6,996.9,20130505.0,20130519.0,11.6,21.8,3.5,20130528.0,20130521.0,8.6,58.0,11.0,20130521.0,132.0,56.5,11.0,2.5,20130527.0,20130527.0,20130528.0,143.0,7.9,98.3,6.5,20130516.0,20130516.0,2.9,8.5,11.6,270.0,70.0,20130505.0,20130527.0,270.0,4.7,2.9,238.1,54.08,513.2,,,,,,10.5,3.9,20130521.0,20.2,19.9,19.0,18.5,17.9,17.3,14.9,13.5,11.6,12.8
4,2732,108,서울,2013-06,24.4,29.2,20.5,32.6,16.3,20130629.0,20130602.0,998.0,1007.7,1017.8,994.6,20130605.0,20130618.0,17.8,24.4,7.9,20130618.0,20130609.0,15.4,60.0,15.0,20130609.0,28.3,12.0,3.5,1.0,20130618.0,20130611.0,20130628.0,160.3,9.3,107.5,7.5,20130609.0,20130609.0,2.2,6.2,10.4,250.0,20.0,20130623.0,20130604.0,270.0,5.4,3.3,224.0,50.67,507.43,,,,,,17.3,11.6,20130602.0,28.2,27.0,26.1,25.4,24.6,23.5,20.5,18.5,13.9,13.2
5,2733,108,서울,2013-07,25.5,28.3,23.4,31.3,20.5,20130701.0,20130703.0,995.3,1005.0,1012.8,995.6,20130714.0,20130702.0,25.6,30.7,18.8,20130729.0,20130701.0,21.4,79.0,40.0,20130701.0,676.2,165.0,42.0,14.5,20130713.0,20130722.0,20130722.0,87.1,7.1,64.1,5.7,20130703.0,20130703.0,3.4,10.9,18.0,230.0,230.0,20130708.0,20130708.0,230.0,8.5,6.5,101.0,22.51,268.48,,,,,,22.4,19.1,20130707.0,26.4,26.4,25.9,25.7,25.4,25.5,23.9,22.7,18.4,15.0
6,2734,108,서울,2013-08,27.7,31.1,24.8,33.9,21.1,20130821.0,20130831.0,996.8,1006.5,1011.8,995.9,20130811.0,20130829.0,25.4,33.6,12.8,20130809.0,20130825.0,21.1,69.0,28.0,20130825.0,148.6,45.0,43.5,15.0,20130806.0,20130806.0,20130806.0,135.8,6.9,96.9,4.7,20130822.0,20130825.0,2.8,9.9,15.6,200.0,250.0,20130829.0,20130805.0,230.0,6.2,5.1,217.9,51.73,420.57,,,,,,22.5,18.1,20130831.0,29.5,28.7,28.1,28.0,27.7,27.9,26.1,24.7,19.9,16.5
7,2735,108,서울,2013-09,21.8,25.9,18.0,31.1,10.9,20130918.0,20130927.0,1005.0,1014.9,1022.0,1007.2,20130918.0,20130915.0,16.2,26.9,4.4,20130913.0,20130926.0,13.6,63.0,16.0,20130926.0,138.5,50.0,13.0,4.5,20130913.0,20130913.0,20130910.0,109.3,6.3,74.9,4.6,20130917.0,20130917.0,2.2,6.2,11.0,70.0,50.0,20130922.0,20130922.0,70.0,5.5,3.3,191.0,51.22,368.82,,,,,,14.8,5.7,20130927.0,24.1,23.2,23.1,23.5,23.9,24.0,24.4,24.2,21.1,17.6
8,2736,108,서울,2013-10,15.8,21.2,10.9,28.1,4.3,20131005.0,20131026.0,1010.0,1020.2,1030.9,1008.0,20131018.0,20131011.0,10.6,22.2,3.4,20131008.0,20131025.0,7.0,59.0,19.0,20131005.0,13.5,6.5,6.0,4.5,20131011.0,20131011.0,20131011.0,96.1,4.9,59.7,3.4,20131005.0,20131011.0,2.5,8.5,14.8,250.0,250.0,20131011.0,20131011.0,70.0,2.9,1.8,249.9,71.79,372.79,,,,,,6.6,0.0,20131026.0,16.4,16.2,16.5,17.3,18.3,18.9,20.8,21.6,20.8,18.4
9,2737,108,서울,2013-11,6.2,10.7,2.1,20.7,-6.4,20131101.0,20131128.0,1009.6,1020.2,1028.3,997.4,20131105.0,20131125.0,5.9,13.1,1.7,20131106.0,20131128.0,-2.1,58.0,18.0,20131108.0,46.8,14.0,,,20131124.0,,,60.0,4.2,,,20131120.0,,2.7,12.6,20.0,230.0,230.0,20131125.0,20131125.0,270.0,3.9,2.7,188.0,61.56,233.94,,,,,,-1.5,-9.5,20131129.0,5.8,6.7,7.2,8.3,10.1,11.2,15.0,17.0,19.4,18.4
10,2738,108,서울,2013-12,-0.2,3.5,-3.5,11.0,-9.8,20131207.0,20131228.0,1011.3,1022.2,1033.9,1007.0,20131215.0,20131209.0,3.8,8.1,1.3,20131205.0,20131228.0,-7.3,60.0,20.0,20131206.0,24.7,14.0,,,20131209.0,,,41.8,2.3,,,20131206.0,,2.4,8.3,13.2,230.0,200.0,20131231.0,20131231.0,270.0,4.0,3.2,184.4,61.73,202.42,5.8,4.4,13.5,20131212.0,20131212.0,-7.1,-15.4,20131213.0,0.4,1.2,1.6,2.5,4.0,5.0,8.8,11.6,17.0,17.8
11,2739,108,서울,2014-01,-0.7,3.5,-4.9,8.2,-10.5,20140129.0,20140113.0,1014.3,1025.2,1035.3,1012.4,20140113.0,20140101.0,3.1,8.2,0.6,20140125.0,20140109.0,-10.7,50.0,13.0,20140129.0,13.0,5.3,,,20140120.0,,,45.9,2.7,,,20140128.0,,2.4,7.8,14.8,270.0,270.0,20140101.0,20140101.0,290.0,3.4,2.6,184.4,60.03,225.31,6.1,5.3,8.0,20140121.0,20140120.0,-8.1,-14.8,20140122.0,-0.9,-0.7,-0.6,0.1,1.2,2.1,5.1,7.9,14.3,16.8
12,2740,108,서울,2014-02,1.9,6.6,-1.8,16.4,-10.5,20140226.0,20140204.0,1014.4,1025.3,1033.0,1009.1,20140222.0,20140202.0,3.8,8.6,0.7,20140202.0,20140204.0,-7.7,52.0,16.0,20140206.0,16.2,11.0,,,20140201.0,,,54.5,3.0,,,20140221.0,,2.7,7.4,12.1,70.0,70.0,20140207.0,20140207.0,70.0,4.0,1.9,163.9,54.15,268.4,5.8,5.8,6.6,20140209.0,20140208.0,-4.8,-12.0,20140205.0,2.1,1.8,1.6,2.0,2.4,2.6,4.1,6.4,12.3,15.5
13,2741,108,서울,2014-03,7.9,13.1,3.5,23.8,-4.6,20140328.0,20140307.0,1009.1,1019.6,1032.8,1004.8,20140307.0,20140330.0,6.7,16.3,1.6,20140329.0,20140309.0,-0.2,60.0,16.0,20140305.0,7.2,3.5,,,20140329.0,,,95.3,4.7,,,20140321.0,,3.0,9.1,15.5,230.0,230.0,20140317.0,20140317.0,270.0,3.9,2.4,214.7,57.9,392.05,1.9,1.9,2.1,20140309.0,20140309.0,0.2,-7.7,20140310.0,9.4,8.2,7.9,7.8,7.6,7.7,7.4,7.9,11.3,14.3
14,2742,108,서울,2014-04,14.0,19.6,9.4,26.2,2.3,20140424.0,20140406.0,1006.8,1017.0,1025.0,1008.6,20140425.0,20140430.0,9.2,16.3,3.0,20140427.0,20140404.0,5.1,60.0,15.0,20140401.0,31.0,13.5,3.5,1.0,20140428.0,20140429.0,20140429.0,99.3,5.6,77.8,4.3,20140425.0,20140424.0,2.8,9.3,18.4,250.0,50.0,20140406.0,20140403.0,270.0,4.7,2.5,213.2,53.97,455.0,,,,,,5.7,-3.0,20140404.0,17.9,15.8,15.2,14.8,14.1,13.5,12.4,11.8,11.6,13.7
15,2743,108,서울,2014-05,18.9,25.3,13.8,33.3,6.8,20140531.0,20140505.0,1000.5,1010.4,1022.3,997.6,20140510.0,20140527.0,12.6,22.2,3.8,20140528.0,20140506.0,9.8,59.0,18.0,20140506.0,63.0,23.0,9.0,2.5,20140511.0,20140511.0,20140525.0,145.5,6.3,118.9,5.9,20140530.0,20140527.0,3.2,11.1,16.3,230.0,270.0,20140512.0,20140504.0,270.0,3.2,1.6,304.0,69.12,627.82,,,,,,10.3,3.2,20140506.0,23.3,21.6,20.6,20.0,,18.1,16.5,15.7,13.0,13.6
16,2744,108,서울,2014-06,23.1,27.8,19.7,31.1,17.3,20140606.0,20140612.0,996.4,1006.2,1013.7,999.7,20140601.0,20140612.0,20.0,26.6,14.4,20140621.0,20140606.0,17.5,73.0,32.0,20140606.0,98.1,33.0,14.5,10.5,20140603.0,20140623.0,20140623.0,112.4,5.5,90.7,5.2,20140606.0,20140606.0,2.6,8.3,14.2,230.0,20.0,20140628.0,20140623.0,270.0,6.7,4.5,184.9,41.81,465.41,,,,,,17.4,14.9,20140612.0,25.9,25.2,24.4,24.0,23.0,22.7,21.0,19.9,15.0,14.0
17,2745,108,서울,2014-07,26.1,30.6,22.9,34.4,19.1,20140731.0,20140724.0,997.2,1006.9,1013.2,993.8,20140719.0,20140710.0,24.6,35.4,15.1,20140731.0,20140710.0,20.7,74.0,27.0,20140707.0,207.9,59.5,34.5,14.5,20140725.0,20140725.0,20140702.0,114.5,6.3,95.0,5.9,20140711.0,20140711.0,2.8,10.8,18.2,230.0,200.0,20140726.0,20140726.0,230.0,6.8,5.1,172.7,38.48,296.02,,,,,,20.7,17.2,20140707.0,29.2,28.1,27.3,26.8,25.3,25.4,23.9,22.7,17.1,15.0
18,2746,108,서울,2014-08,25.2,29.0,22.1,35.8,18.3,20140802.0,20140811.0,998.3,1008.0,1017.7,994.9,20140828.0,20140803.0,24.2,34.2,14.6,20140804.0,20140809.0,20.4,77.0,32.0,20140809.0,172.8,46.5,25.5,7.5,20140821.0,20140810.0,20140810.0,86.6,6.5,70.0,4.3,20140809.0,20140802.0,2.4,9.3,15.7,70.0,70.0,20140810.0,20140810.0,70.0,7.1,4.6,150.7,35.75,352.98,,,,,,20.0,15.8,20140811.0,26.6,26.2,25.8,25.8,24.7,25.9,24.9,23.8,19.5,16.5
19,2747,108,서울,2014-09,22.1,27.0,18.0,31.3,14.9,20140907.0,20140919.0,1003.3,1013.2,1020.4,1000.3,20140922.0,20140903.0,17.8,26.4,9.0,20140901.0,20140920.0,15.3,69.0,22.0,20140920.0,88.1,57.5,11.5,4.0,20140903.0,20140903.0,20140903.0,89.2,4.5,67.7,3.8,20140916.0,20140906.0,2.1,7.1,11.7,70.0,20.0,20140903.0,20140924.0,70.0,4.9,2.9,214.3,57.42,388.56,,,,,,13.9,9.0,20140919.0,24.9,23.8,23.7,23.9,23.1,24.2,24.0,23.6,20.4,17.4
20,2748,108,서울,2014-10,15.6,21.4,10.7,29.0,2.7,20141012.0,20141028.0,1009.5,1019.7,1027.9,1006.6,20141029.0,20141002.0,11.1,21.6,3.6,20141002.0,20141027.0,7.8,63.0,15.0,20141028.0,52.2,21.5,6.0,2.5,20141020.0,20141002.0,20141002.0,80.0,4.6,60.2,3.8,20141013.0,20141013.0,2.4,9.0,17.7,70.0,50.0,20141013.0,20141013.0,70.0,3.3,2.4,239.8,68.83,362.31,,,,,,5.6,-4.7,20141028.0,16.8,16.0,16.5,17.3,17.4,19.2,20.4,21.1,20.2,18.1
21,2749,108,서울,2014-11,9.0,13.8,4.9,22.9,-3.1,20141101.0,20141113.0,1011.0,1021.5,1031.4,1008.3,20141115.0,20141128.0,7.1,13.5,1.5,20141101.0,20141112.0,1.1,61.0,18.0,20141110.0,41.5,18.0,,,20141128.0,,,43.8,3.4,,,20141102.0,,2.5,8.7,16.6,290.0,270.0,20141102.0,20141102.0,270.0,4.3,2.9,194.1,63.54,250.26,,,,,,-0.8,-8.3,20141115.0,8.5,8.6,9.1,10.0,10.5,12.9,15.0,16.5,19.0,18.2
22,2750,108,서울,2014-12,-2.9,1.5,-6.7,7.9,-13.2,20141201.0,20141218.0,1013.5,1024.5,1037.5,1009.0,20141209.0,20141201.0,2.9,9.4,0.9,20141201.0,20141218.0,-10.9,56.0,21.0,20141202.0,17.9,10.5,,,20141215.0,,,34.8,2.1,,,20141231.0,,2.8,11.1,19.3,290.0,290.0,20141201.0,20141201.0,290.0,3.4,1.7,195.6,65.48,229.68,3.5,3.5,8.6,20141215.0,20141215.0,-10.7,-16.7,20141218.0,-1.3,-1.0,-0.3,1.1,2.2,5.4,8.6,11.0,16.8,17.7
23,2751,108,서울,2015-01,-0.9,3.6,-4.8,9.0,-9.8,20150115.0,20150101.0,1013.8,1024.7,1036.9,1010.8,20150113.0,20150106.0,3.4,8.7,1.1,20150126.0,20150107.0,-9.0,56.0,22.0,20150113.0,11.3,4.0,,,20150118.0,,,33.8,2.0,,,20150130.0,,2.6,7.7,13.0,270.0,270.0,20150117.0,20150102.0,270.0,3.9,1.9,193.3,62.94,245.05,5.1,5.1,5.1,20150118.0,20150118.0,-9.0,-15.2,20150103.0,-0.4,-0.8,-0.7,-0.1,0.3,2.7,5.0,7.1,14.2,16.8
24,2752,108,서울,2015-02,1.0,6.0,-2.9,13.0,-13.0,20150215.0,20150209.0,1011.4,1022.2,1035.3,1011.3,20150201.0,20150211.0,4.1,9.9,0.7,20150222.0,20150208.0,-6.8,59.0,17.0,20150212.0,22.7,10.5,,,20150216.0,,,43.2,2.9,,,20150226.0,,2.9,8.5,14.5,270.0,270.0,20150226.0,20150208.0,270.0,4.5,,180.0,59.5,267.04,0.3,0.3,0.3,20150209.0,20150209.0,-6.8,-16.4,20150209.0,2.0,1.1,0.9,1.2,1.3,2.6,4.2,5.8,12.2,15.5
25,2753,108,서울,2015-03,6.3,12.4,1.0,21.9,-6.9,20150320.0,20150310.0,1010.7,1021.3,1035.8,1008.7,20150325.0,20150318.0,4.4,14.3,1.2,20150331.0,20150310.0,-6.0,45.0,9.0,20150322.0,9.6,5.5,,,20150303.0,,,87.4,5.0,,,20150322.0,,3.1,9.1,16.3,290.0,250.0,20150310.0,20150311.0,270.0,2.8,1.0,270.8,73.07,458.62,,,,,,-4.5,-11.4,20150311.0,7.8,6.5,6.4,6.4,5.9,6.7,6.7,7.2,11.1,14.4
26,2754,108,서울,2015-04,13.3,18.8,8.4,28.3,3.5,20150430.0,20150408.0,1005.5,1015.8,1027.6,995.6,20150408.0,20150402.0,8.0,19.9,3.1,20150402.0,20150426.0,2.9,55.0,11.0,20150418.0,80.5,28.0,16.5,8.5,20150402.0,20150402.0,20150402.0,104.8,6.0,78.3,5.0,20150425.0,20150427.0,3.1,10.4,16.4,230.0,250.0,20150402.0,20150403.0,70.0,5.0,2.8,216.0,54.71,449.84,,,,,,4.7,-1.7,20150409.0,14.9,14.0,13.4,13.2,12.2,12.4,11.4,11.0,11.4,13.7
27,2755,108,서울,2015-05,18.9,24.9,13.6,32.2,8.3,20150528.0,20150505.0,999.4,1009.4,1018.8,996.8,20150511.0,20150512.0,11.0,20.8,3.1,20150503.0,20150504.0,7.5,53.0,12.0,20150517.0,28.9,14.0,6.5,3.0,20150511.0,20150511.0,20150511.0,149.3,7.3,114.6,6.0,20150527.0,20150527.0,3.0,11.1,17.2,230.0,230.0,20150512.0,20150512.0,270.0,4.1,2.0,290.4,66.03,602.95,,,,,,9.7,3.1,20150505.0,23.8,22.0,20.9,20.3,18.9,18.1,16.4,15.4,12.8,13.6
28,2756,108,서울,2015-06,23.6,29.5,18.9,34.9,15.6,20150610.0,20150621.0,996.9,1006.7,1015.5,994.9,20150607.0,20150630.0,16.8,25.2,5.6,20150630.0,20150603.0,14.4,60.0,13.0,20150603.0,99.0,44.5,25.5,10.5,20150620.0,20150620.0,20150620.0,144.0,8.5,109.4,7.3,20150603.0,20150603.0,2.5,7.8,14.4,250.0,20.0,20150612.0,20150603.0,270.0,5.6,3.1,258.1,58.39,530.22,,,,,,16.2,10.1,20150601.0,27.3,26.1,25.1,24.6,23.2,23.2,20.8,19.5,14.8,14.0
29,2757,108,서울,2015-07,25.8,30.0,22.6,36.0,18.2,20150711.0,20150704.0,996.8,1006.5,1014.9,987.1,20150710.0,20150713.0,23.4,33.2,10.9,20150722.0,20150702.0,19.6,71.0,28.0,20150702.0,226.0,80.0,31.0,9.5,20150725.0,20150725.0,20150725.0,103.4,8.0,80.0,7.6,20150703.0,20150703.0,2.8,8.0,14.4,230.0,270.0,20150713.0,20150713.0,70.0,7.0,4.6,176.1,39.23,428.46,,,,,,20.8,14.9,20150704.0,27.9,27.3,26.6,26.3,25.1,25.3,23.4,22.3,17.1,14.9
30,2758,108,서울,2015-08,26.3,30.8,22.8,34.4,18.9,20150807.0,20150826.0,998.5,1008.2,1015.4,1000.7,20150808.0,20150825.0,23.5,32.8,13.1,20150807.0,20150827.0,19.9,70.0,29.0,20150827.0,72.9,29.0,21.5,15.5,20150816.0,20150816.0,20150816.0,104.1,6.6,79.6,5.0,20150804.0,20150806.0,2.4,8.1,14.2,290.0,320.0,20150808.0,20150808.0,50.0,5.6,3.6,207.0,49.1,436.33,,,,,,20.1,14.6,20150829.0,28.0,27.0,26.7,26.6,25.6,26.2,24.8,23.6,18.7,15.6
31,2759,108,서울,2015-09,22.4,28.1,17.5,31.0,14.2,20150922.0,20150927.0,1004.1,1014.0,1024.9,1005.3,20150929.0,20150925.0,14.8,24.4,6.2,20150904.0,20150927.0,12.4,56.0,15.0,20150927.0,26.0,18.0,16.5,12.0,20150903.0,20150903.0,20150903.0,115.2,5.7,91.9,5.0,20150915.0,20150915.0,2.3,6.7,12.7,230.0,70.0,20150902.0,20150906.0,70.0,3.8,2.2,262.1,70.17,458.73,,,,,,13.2,7.3,20150927.0,25.1,23.8,23.8,24.0,23.3,23.9,23.6,23.2,19.8,16.8
32,2760,108,서울,2015-10,15.5,21.2,10.8,26.6,1.1,20151017.0,20151031.0,1008.2,1018.4,1032.0,993.9,20151031.0,20151001.0,10.8,20.4,2.7,20151001.0,20151030.0,7.1,61.0,17.0,20151009.0,81.5,35.0,16.5,5.5,20151001.0,20151001.0,20151024.0,84.0,6.0,62.4,5.4,20151009.0,20151009.0,2.3,8.6,16.0,250.0,270.0,20151002.0,20151002.0,270.0,2.8,1.8,239.7,68.72,359.17,,,,,,6.0,-4.7,20151031.0,16.3,16.0,16.6,17.6,17.6,19.0,20.5,21.1,19.9,17.5
33,2761,108,서울,2015-11,8.9,12.7,5.9,21.0,-7.3,20151112.0,20151127.0,1012.9,1023.4,1031.4,1012.7,20151128.0,20151114.0,8.6,15.5,2.3,20151114.0,20151127.0,4.0,74.0,23.0,20151101.0,104.6,24.5,,,20151107.0,,,27.7,2.3,,,20151117.0,,2.7,7.7,13.2,70.0,90.0,20151106.0,20151106.0,70.0,6.6,4.4,109.0,35.64,177.93,,,,,,3.0,-8.4,20151127.0,9.5,9.4,10.0,11.1,11.4,12.9,15.4,17.0,18.8,17.8
34,2762,108,서울,2015-12,1.6,6.0,-2.1,12.2,-9.5,20151213.0,20151228.0,1014.8,1025.6,1037.5,1010.1,20151219.0,20151203.0,4.3,10.9,1.0,20151202.0,20151228.0,-5.9,60.0,19.0,20151225.0,29.1,13.5,,,20151202.0,,,30.7,1.9,,,20151225.0,,2.3,8.0,16.8,320.0,320.0,20151203.0,20151202.0,70.0,4.1,2.7,177.8,59.48,206.35,6.5,6.5,7.5,20151203.0,20151203.0,-5.4,-13.6,20151229.0,2.2,2.2,2.9,4.3,4.8,6.3,9.7,12.2,16.8,17.7
35,2763,108,서울,2016-01,-3.2,1.1,-6.8,9.5,-18.0,20160102.0,20160124.0,1014.5,1025.5,1034.2,1011.0,20160123.0,20160118.0,2.8,9.0,0.7,20160102.0,20160124.0,-12.0,53.0,17.0,20160131.0,1.0,0.4,,,20160113.0,,,38.2,2.0,,,20160131.0,,2.5,9.0,15.1,340.0,340.0,20160119.0,20160118.0,320.0,4.0,2.6,196.1,63.86,246.52,0.5,0.5,1.4,20160126.0,20160126.0,-10.3,-18.7,20160124.0,-1.4,-1.5,-0.6,0.7,1.3,2.8,6.0,8.5,14.4,16.6
36,2764,108,서울,2016-02,0.2,5.1,-4.1,14.4,-10.0,20160213.0,20160215.0,1013.3,1024.2,1035.3,999.3,20160225.0,20160213.0,3.5,15.1,1.1,20160213.0,20160215.0,-9.4,52.0,16.0,20160226.0,47.6,21.0,,,20160213.0,,,45.4,2.7,,,20160221.0,,2.8,7.6,14.4,250.0,320.0,20160218.0,20160208.0,320.0,3.7,2.3,195.2,62.26,288.43,5.0,5.0,6.5,20160228.0,20160228.0,-7.9,-15.9,20160203.0,1.1,0.7,0.6,1.2,1.3,1.9,4.0,6.2,12.3,15.4
37,2765,108,서울,2016-03,7.0,12.6,2.4,21.4,-7.5,20160331.0,20160301.0,1010.9,1021.5,1030.2,1009.1,20160301.0,20160318.0,5.2,13.8,1.3,20160305.0,20160301.0,-3.5,51.0,15.0,20160331.0,40.5,40.0,,,20160305.0,,,83.0,4.5,,,20160305.0,,2.4,7.1,12.7,270.0,290.0,20160302.0,20160329.0,320.0,3.6,1.9,253.7,68.29,432.76,,,,,,-1.5,-9.9,20160301.0,9.1,7.7,7.5,7.4,6.9,6.9,6.8,7.4,10.9,14.1
38,2766,108,서울,2016-04,14.1,20.3,9.1,29.6,5.1,20160426.0,20160404.0,1003.2,1013.3,1024.6,986.5,20160419.0,20160417.0,8.3,15.2,3.2,20160421.0,20160423.0,3.6,55.0,13.0,20160424.0,76.8,23.5,7.5,2.0,20160416.0,20160417.0,20160417.0,97.4,5.0,67.8,4.0,20160411.0,20160429.0,2.4,8.0,16.7,320.0,290.0,20160417.0,20160417.0,320.0,4.8,2.6,219.5,55.47,460.4,,,,,,5.3,-0.8,20160404.0,17.0,15.5,14.8,14.5,13.5,13.3,11.9,11.2,11.2,13.3
39,2767,108,서울,2016-05,19.6,25.7,14.1,31.9,8.9,20160519.0,20160503.0,1001.3,1011.3,1024.3,989.4,20160514.0,20160503.0,12.0,20.6,5.0,20160515.0,20160521.0,9.1,56.0,10.0,20160520.0,160.5,45.0,12.0,3.5,20160515.0,20160515.0,20160515.0,130.7,8.5,96.3,7.1,20160521.0,20160521.0,2.4,8.7,18.0,270.0,290.0,20160503.0,20160504.0,270.0,4.6,2.5,280.1,63.57,594.54,,,,,,10.8,3.6,20160505.0,23.2,21.2,20.4,19.9,18.6,18.7,16.7,15.4,12.7,13.1
40,2768,108,서울,2016-06,23.6,28.7,19.5,32.2,17.1,20160605.0,20160601.0,997.6,1007.4,1013.8,996.5,20160606.0,20160624.0,17.9,30.0,8.8,20160622.0,20160602.0,15.5,63.0,21.0,20160605.0,54.4,30.5,26.0,16.5,20160622.0,20160622.0,20160622.0,132.4,8.0,97.6,7.7,20160622.0,20160622.0,2.1,6.8,10.5,340.0,250.0,20160622.0,20160625.0,270.0,5.3,3.3,229.7,51.97,508.07,,,,,,16.5,12.6,20160602.0,28.2,25.6,24.9,24.4,23.0,23.2,20.9,19.3,14.8,13.6
41,2769,108,서울,2016-07,26.2,29.8,23.3,34.1,19.8,20160722.0,20160716.0,997.8,1007.5,1015.5,998.4,20160707.0,20160701.0,24.4,32.4,16.8,20160729.0,20160703.0,20.6,73.0,37.0,20160719.0,358.2,108.5,51.5,20.5,20160701.0,20160729.0,20160701.0,134.0,7.7,94.0,5.4,20160709.0,20160709.0,2.1,6.1,11.2,200.0,290.0,20160727.0,20160705.0,270.0,7.2,4.4,160.4,35.76,403.01,,,,,,21.2,17.3,20160707.0,28.3,26.9,26.4,26.1,24.7,25.2,23.5,22.2,17.4,14.8
42,2770,108,서울,2016-08,28.0,32.6,24.5,36.6,16.1,20160821.0,20160831.0,996.0,1005.6,1012.5,987.0,20160827.0,20160831.0,24.0,34.4,9.3,20160819.0,20160827.0,20.0,64.0,27.0,20160827.0,67.1,20.0,11.5,4.5,20160826.0,20160819.0,20160819.0,168.3,8.1,117.9,5.7,20160826.0,20160826.0,2.1,7.3,13.6,70.0,70.0,20160826.0,20160826.0,270.0,4.6,3.3,236.1,56.11,468.05,,,,,,22.3,14.2,20160827.0,31.9,29.2,28.7,28.4,27.1,27.7,26.0,24.5,19.2,16.0
43,2771,108,서울,2016-09,23.1,27.9,19.3,31.1,14.3,20160905.0,20160921.0,1003.3,1013.2,1023.2,996.6,20160921.0,20160901.0,18.0,24.9,8.4,20160906.0,20160920.0,15.5,65.0,26.0,20160920.0,33.0,13.5,4.5,3.0,20160927.0,20160902.0,20160902.0,127.9,7.4,89.3,5.2,20160920.0,20160920.0,2.0,8.1,15.7,200.0,180.0,20160901.0,20160901.0,50.0,5.8,3.1,191.6,51.41,370.92,,,,,,17.1,10.8,20160921.0,24.9,23.9,23.8,23.8,23.3,24.5,24.3,23.9,20.5,17.2
44,2772,108,서울,2016-10,16.1,21.3,11.6,29.0,0.7,20161004.0,20161031.0,1009.0,1019.2,1032.2,1006.3,20161030.0,20161003.0,11.7,25.2,2.2,20161003.0,20161030.0,8.2,62.0,13.0,20161030.0,74.8,37.0,10.0,2.5,20161025.0,20161025.0,20161025.0,106.4,6.6,74.4,4.6,20161004.0,20161004.0,2.1,6.3,12.8,50.0,20.0,20161023.0,20161023.0,50.0,5.3,2.8,195.7,56.27,318.14,,,,,,8.8,-3.5,20161030.0,17.0,17.2,17.6,18.3,18.3,19.9,21.0,21.6,20.5,18.0
45,2773,108,서울,2016-11,6.8,11.6,2.8,18.6,-6.2,20161119.0,20161124.0,1012.6,1023.2,1034.8,1011.5,20161129.0,20161105.0,6.2,15.5,1.5,20161114.0,20161124.0,-1.8,57.0,19.0,20161120.0,16.7,5.5,,,20161107.0,,,69.6,3.6,48.8,2.5,20161106.0,20161106.0,2.2,6.1,9.8,290.0,180.0,20161122.0,20161104.0,290.0,4.7,3.7,173.3,56.76,235.03,0.8,0.8,0.9,20161126.0,20161126.0,-0.2,-9.6,20161124.0,7.2,8.3,9.0,10.0,10.9,12.1,14.9,17.2,19.4,18.3
46,2774,108,서울,2016-12,1.2,5.8,-2.7,13.6,-9.8,20161220.0,20161216.0,1014.2,1025.0,1035.2,1003.9,20161230.0,20161222.0,4.2,12.4,1.3,20161222.0,20161216.0,-6.4,59.0,16.0,20161206.0,61.1,29.0,,,20161221.0,,,50.0,2.9,34.9,2.1,20161201.0,20161201.0,2.2,7.2,12.9,50.0,270.0,20161221.0,20161201.0,270.0,4.7,3.5,166.4,55.71,205.35,1.0,1.0,1.5,20161229.0,20161229.0,-5.6,-12.3,20161216.0,1.6,2.7,3.3,4.3,5.2,6.1,9.2,12.3,17.1,17.9
47,2775,108,서울,2017-01,-1.8,2.9,-5.8,11.4,-12.6,20170106.0,20170123.0,1014.7,1025.6,1036.9,1011.9,20170125.0,20170108.0,3.2,7.8,0.9,20170102.0,20170115.0,-10.3,55.0,17.0,20170128.0,14.9,4.5,,,20170129.0,,,52.2,2.5,36.7,1.7,20170112.0,20170112.0,2.3,7.0,13.1,290.0,270.0,20170114.0,20170110.0,270.0,3.5,2.3,209.0,67.97,256.11,6.6,6.6,14.3,20170120.0,20170120.0,-9.6,-18.8,20170124.0,-0.7,0.2,0.8,1.7,2.5,3.4,6.1,8.9,14.5,16.9
48,2776,108,서울,2017-02,-0.2,4.8,-4.7,12.3,-9.3,20170228.0,20170210.0,1012.6,1023.5,1034.4,1006.1,20170214.0,20170220.0,3.3,10.6,1.2,20170216.0,20170202.0,-9.2,54.0,18.0,20170227.0,11.1,5.1,,,20170222.0,,,63.1,3.9,44.2,2.8,20170227.0,20170227.0,2.4,7.8,12.3,290.0,290.0,20170220.0,20170220.0,270.0,2.8,2.0,210.0,69.31,311.86,0.8,,,20170201.0,,-8.6,-13.5,20170213.0,1.0,0.6,0.5,1.1,1.5,2.0,4.2,6.7,12.4,15.7
49,2777,108,서울,2017-03,6.3,12.3,1.7,18.9,-5.3,20170319.0,20170308.0,1009.0,1019.6,1028.6,1009.3,20170319.0,20170309.0,4.5,10.4,1.5,20170331.0,20170307.0,-4.9,48.0,15.0,20170318.0,7.9,5.0,,,20170301.0,,,116.9,5.4,81.8,3.8,20170319.0,20170319.0,2.4,8.5,17.9,320.0,320.0,20170327.0,20170327.0,270.0,3.9,1.8,255.2,68.73,444.9,,,,,,-2.7,-8.7,20170308.0,8.1,7.1,6.9,6.8,6.7,6.5,6.6,7.5,11.0,14.4
50,2778,108,서울,2017-04,13.9,20.0,9.1,27.8,3.1,20170430.0,20170402.0,1002.6,1012.8,1025.8,995.4,20170404.0,20170418.0,8.0,14.5,1.3,20170430.0,20170412.0,2.9,52.0,10.0,20170412.0,61.6,37.5,8.5,2.5,20170405.0,20170405.0,20170418.0,165.8,9.1,116.1,6.4,20170426.0,20170426.0,2.6,8.1,15.6,200.0,180.0,20170414.0,20170414.0,270.0,4.4,2.3,259.7,65.66,488.91,,,,,,5.2,-1.5,20170403.0,16.9,14.7,14.1,13.5,13.2,12.8,11.5,11.0,11.3,13.5
51,2779,108,서울,2017-05,19.5,25.4,14.4,30.3,10.0,20170530.0,20170506.0,1002.0,1012.0,1022.9,999.1,20170503.0,20170531.0,11.4,18.9,2.8,20170531.0,20170506.0,8.3,52.0,7.0,20170530.0,16.1,6.0,6.0,3.5,20170513.0,20170513.0,20170513.0,215.3,9.9,150.4,7.0,20170519.0,20170519.0,2.4,8.5,15.7,230.0,180.0,20170513.0,20170513.0,270.0,3.9,2.0,301.5,68.48,645.35,,,,,,10.3,4.5,20170506.0,25.0,21.3,20.7,19.6,19.0,18.8,16.6,15.1,12.7,13.3
52,2780,108,서울,2017-06,23.3,28.8,18.7,34.1,14.5,20170623.0,20170606.0,998.4,1008.2,1016.0,996.4,20170606.0,20170601.0,15.7,24.9,5.5,20170626.0,20170610.0,13.1,57.0,14.0,20170610.0,66.6,29.0,17.0,4.5,20170626.0,20170626.0,20170626.0,214.6,11.3,150.3,7.9,20170611.0,20170611.0,2.4,6.4,12.1,180.0,250.0,20170626.0,20170601.0,270.0,4.7,2.9,285.2,64.51,625.27,,,,,,15.8,9.8,20170611.0,28.6,25.6,25.0,24.1,23.4,23.2,20.8,18.9,14.7,13.7
53,2781,108,서울,2017-07,26.9,30.4,24.3,35.4,21.9,20170725.0,20170703.0,997.5,1007.2,1013.3,999.7,20170716.0,20170710.0,26.9,35.6,17.3,20170723.0,20170727.0,22.2,77.0,38.0,20170725.0,621.0,144.5,53.0,16.0,20170710.0,20170703.0,20170702.0,122.7,7.9,85.6,5.5,20170725.0,20170725.0,2.0,7.3,13.3,290.0,270.0,20170702.0,20170702.0,230.0,7.9,5.5,123.1,27.44,375.27,,,,,,23.1,20.9,20170701.0,28.3,27.6,27.4,26.5,26.5,26.4,24.7,23.4,18.7,15.2
54,2782,108,서울,2017-08,25.9,29.7,22.9,35.3,16.1,20170804.0,20170830.0,997.7,1007.4,1017.1,995.9,20170827.0,20170809.0,23.7,34.0,6.7,20170823.0,20170830.0,19.7,71.0,19.0,20170825.0,297.0,124.5,35.5,13.0,20170820.0,20170815.0,20170820.0,139.1,8.2,97.0,5.7,20170826.0,20170826.0,2.3,7.7,15.3,200.0,230.0,20170824.0,20170824.0,70.0,7.0,4.4,166.2,39.47,411.09,,,,,,21.2,13.7,20170831.0,27.7,26.9,27.0,26.2,26.6,26.7,25.8,24.9,20.8,16.8
55,2783,108,서울,2017-09,22.1,27.4,17.5,31.4,11.2,20170926.0,20170929.0,1003.1,1013.0,1022.7,1004.0,20170930.0,20170917.0,16.0,25.0,2.8,20170919.0,20170926.0,13.6,61.0,20.0,20170929.0,35.0,24.0,9.0,5.0,20170911.0,20170911.0,20170919.0,147.3,7.7,103.1,5.4,20170915.0,20170915.0,2.0,6.8,12.1,230.0,250.0,20170919.0,20170919.0,50.0,4.2,2.2,233.7,64.75,445.23,,,,,,14.5,7.3,20170929.0,24.2,23.5,23.6,23.1,23.5,23.6,23.7,23.6,21.2,18.0
56,2784,108,서울,2017-10,16.4,22.5,11.6,29.4,2.5,20171002.0,20171030.0,1010.7,1020.9,1029.2,1008.9,20171015.0,20171002.0,10.7,23.2,2.2,20171011.0,20171030.0,7.0,56.0,16.0,20171030.0,26.5,20.0,6.0,2.5,20171011.0,20171011.0,20171011.0,94.6,4.7,66.5,3.3,20171002.0,20171002.0,1.9,7.6,12.9,270.0,250.0,20171029.0,20171029.0,70.0,4.5,2.5,222.7,66.14,240.97,,,,,,7.5,-5.9,20171031.0,16.8,17.7,18.2,18.4,18.9,19.5,20.9,21.6,20.8,18.5
57,2785,108,서울,2017-11,5.6,10.5,1.3,18.4,-6.6,20171107.0,20171119.0,1012.4,1023.0,1031.4,1010.0,20171130.0,20171110.0,5.4,15.7,0.9,20171102.0,20171130.0,-3.9,54.0,13.0,20171130.0,40.7,24.0,,,20171125.0,,,57.9,3.7,40.7,2.6,20171108.0,20171108.0,2.1,6.7,13.0,290.0,320.0,20171115.0,20171115.0,270.0,4.2,3.3,163.9,59.45,145.34,1.5,1.5,1.5,20171124.0,20171123.0,-4.4,-13.1,20171119.0,5.4,7.5,8.6,9.7,10.6,11.8,15.2,17.6,19.6,18.6
58,2786,108,서울,2017-12,-1.9,2.2,-5.7,8.7,-12.3,20171223.0,20171212.0,1015.1,1026.0,1034.4,1008.3,20171214.0,20171224.0,3.3,8.2,0.8,20171224.0,20171227.0,-10.3,56.0,14.0,20171226.0,34.8,20.0,,,20171224.0,,,36.9,2.2,26.2,1.5,20171204.0,20171226.0,1.8,6.7,14.2,290.0,320.0,20171204.0,20171210.0,290.0,3.9,3.1,176.1,58.96,151.69,5.1,5.1,12.8,20171218.0,20171218.0,-9.8,-16.2,20171213.0,-1.5,0.0,0.8,1.9,2.8,4.4,8.2,11.6,17.1,18.1
59,2787,108,서울,2018-01,-4.0,0.1,-7.3,8.7,-17.8,20180117.0,20180126.0,1013.5,1024.6,1033.8,1007.5,20180112.0,20180108.0,2.5,7.3,0.5,20180115.0,20180125.0,-13.9,48.0,16.0,20180121.0,8.5,3.3,,,20180122.0,,,39.2,1.9,27.4,1.3,20180102.0,20180102.0,1.9,7.2,12.2,320.0,290.0,20180124.0,20180129.0,290.0,4.3,2.7,186.7,65.01,158.99,3.5,3.5,6.9,20180131.0,20180130.0,-11.7,-20.2,20180127.0,-2.8,-1.6,-0.9,0.1,0.8,2.0,4.9,7.8,14.1,17.0
60,2788,108,서울,2018-02,-1.6,3.3,-5.9,10.4,-13.4,20180226.0,20180207.0,1012.8,1023.8,1031.2,1002.3,20180202.0,20180228.0,2.6,7.5,0.7,20180228.0,20180210.0,-13.0,45.0,13.0,20180221.0,29.6,25.0,,,20180228.0,,,65.7,3.7,45.8,2.6,20180220.0,20180220.0,2.2,6.3,12.2,320.0,230.0,20180210.0,20180213.0,290.0,3.9,2.2,194.2,66.53,309.28,4.1,3.7,4.4,20180223.0,20180223.0,-11.8,-21.4,20180207.0,-1.1,-1.0,-1.0,-0.7,-0.4,0.6,3.1,5.7,11.9,15.6
61,2789,108,서울,2018-03,8.1,13.6,3.8,22.1,-6.7,20180314.0,20180302.0,1009.9,1020.3,1031.2,1002.4,20180307.0,20180301.0,6.6,15.8,1.5,20180315.0,20180302.0,-0.2,59.0,13.0,20180303.0,49.5,27.0,,,20180315.0,,,107.2,5.7,74.9,4.0,20180330.0,20180330.0,1.9,6.9,12.8,290.0,90.0,20180301.0,20180320.0,290.0,5.2,4.1,209.1,56.38,446.41,,,,,,-0.4,-10.1,20180302.0,8.4,8.1,7.5,6.8,6.3,6.0,5.6,6.4,10.4,14.2
62,2790,108,서울,2018-04,13.0,18.5,8.1,26.3,0.1,20180420.0,20180409.0,1005.4,1015.6,1025.3,1003.6,20180413.0,20180410.0,8.0,16.4,2.1,20180430.0,20180407.0,2.6,55.0,8.0,20180421.0,130.3,59.0,8.5,2.5,20180423.0,20180423.0,20180423.0,151.3,9.2,105.8,6.4,20180421.0,20180421.0,2.0,8.8,15.9,200.0,230.0,20180410.0,20180410.0,290.0,4.7,3.3,223.4,56.54,513.19,,,,,,3.2,-5.9,20180408.0,14.5,13.6,13.3,12.8,12.4,12.3,11.2,10.7,10.8,13.2
63,2791,108,서울,2018-05,18.2,23.3,13.4,29.6,6.9,20180526.0,20180503.0,1001.3,1011.2,1024.4,1000.8,20180510.0,20180502.0,13.1,26.4,4.8,20180517.0,20180521.0,10.1,63.0,22.0,20180525.0,222.0,83.0,35.0,13.5,20180517.0,20180516.0,20180516.0,159.4,8.2,111.2,5.8,20180526.0,20180524.0,1.7,8.0,13.4,290.0,270.0,20180517.0,20180517.0,290.0,5.4,3.5,231.6,52.66,561.24,,,,,,10.1,3.1,20180504.0,21.1,19.7,19.3,18.7,18.1,17.7,15.9,14.7,12.6,13.0
64,2792,108,서울,2018-06,23.1,28.4,18.9,32.9,16.3,20180625.0,20180616.0,997.8,1007.6,1016.7,997.0,20180602.0,20180628.0,17.3,30.0,8.7,20180630.0,20180602.0,14.9,63.0,19.0,20180603.0,171.5,71.5,22.5,11.0,20180626.0,20180628.0,20180628.0,182.6,10.0,127.9,7.0,20180602.0,20180602.0,1.7,5.7,10.5,200.0,160.0,20180626.0,20180626.0,290.0,5.9,3.0,236.6,53.51,602.59,,,,,,15.2,10.5,20180603.0,27.9,25.4,24.9,24.0,23.3,22.8,20.6,18.8,14.7,13.5
65,2793,108,서울,2018-07,27.8,32.1,24.2,38.3,17.7,20180731.0,20180708.0,998.9,1008.5,1016.3,995.2,20180709.0,20180704.0,24.6,35.2,11.2,20180728.0,20180708.0,20.6,68.0,29.0,20180721.0,185.6,83.5,25.0,9.5,20180701.0,20180702.0,20180701.0,179.0,9.2,124.9,6.4,20180721.0,20180722.0,1.5,4.2,8.4,200.0,290.0,20180714.0,20180711.0,290.0,5.1,3.7,228.5,52.64,561.1,,,,,,21.4,15.8,20180708.0,31.3,28.7,28.1,27.2,26.5,26.1,23.9,22.3,17.9,14.8
66,2794,108,서울,2018-08,28.8,33.3,25.2,39.6,20.2,20180801.0,20180827.0,997.4,1007.0,1014.1,990.1,20180817.0,20180824.0,24.9,36.1,12.7,20180812.0,20180817.0,20.8,65.0,25.0,20180817.0,202.6,96.5,43.5,25.5,20180828.0,20180828.0,20180828.0,175.1,9.4,122.4,6.6,20180801.0,20180801.0,1.7,7.1,17.8,180.0,160.0,20180821.0,20180821.0,290.0,5.8,3.7,232.5,55.19,517.16,,,,,,22.3,16.1,20180826.0,31.8,30.2,29.9,29.1,28.7,28.4,26.7,25.1,19.7,15.9
67,2795,108,서울,2018-09,21.5,26.0,17.6,30.9,10.8,20180901.0,20180925.0,1003.3,1013.2,1023.1,995.3,20180911.0,20180904.0,15.4,29.7,6.8,20180903.0,20180930.0,12.9,61.0,23.0,20180925.0,68.5,34.5,20.0,5.5,20180903.0,20180903.0,20180903.0,144.9,7.1,101.2,4.9,20180908.0,20180909.0,1.6,5.7,11.1,270.0,270.0,20180905.0,20180906.0,70.0,5.1,3.0,218.7,58.6,470.96,,,,,,14.3,6.8,20180925.0,23.5,23.1,23.4,23.4,23.6,24.0,24.3,24.2,21.2,17.3
68,2796,108,서울,2018-10,13.1,18.6,8.5,25.6,0.7,20181004.0,20181030.0,1008.6,1018.9,1027.7,1001.0,20181020.0,20181006.0,8.9,18.9,3.6,20181006.0,20181030.0,4.6,59.0,16.0,20181017.0,120.5,55.5,10.5,3.0,20181006.0,20181006.0,20181005.0,109.1,5.2,76.3,3.6,20181003.0,20181003.0,1.5,6.1,13.8,270.0,270.0,20181001.0,20181028.0,290.0,3.7,2.0,241.9,69.43,403.34,,,,,,4.1,-3.6,20181030.0,14.0,14.6,15.4,16.1,16.7,17.6,19.6,20.8,20.7,18.2
69,2797,108,서울,2018-11,7.8,13.2,3.6,19.4,-3.1,20181104.0,20181123.0,1013.1,1023.7,1030.6,1004.7,20181123.0,20181108.0,6.3,15.4,1.4,20181108.0,20181128.0,-1.0,58.0,12.0,20181128.0,79.1,64.0,,,20181108.0,,,71.1,3.7,49.9,2.6,20181104.0,20181104.0,1.4,5.6,11.5,270.0,290.0,20181122.0,20181109.0,290.0,4.0,2.4,177.6,58.13,265.35,8.8,8.8,8.8,20181124.0,20181124.0,-0.3,-8.6,20181123.0,7.1,8.3,9.1,9.9,10.6,11.7,14.4,16.4,18.9,18.4
70,2798,108,서울,2018-12,-0.6,4.1,-4.7,13.5,-14.4,20181203.0,20181228.0,1016.8,1027.8,1039.7,1013.7,20181231.0,20181203.0,3.1,15.1,0.5,20181203.0,20181227.0,-11.6,46.0,16.0,20181231.0,16.4,9.5,,,20181203.0,,,56.5,2.9,39.6,2.0,20181223.0,20181223.0,1.8,5.9,13.3,290.0,320.0,20181207.0,20181207.0,290.0,3.8,2.3,199.9,66.92,253.64,1.7,1.7,2.1,20181213.0,20181213.0,-8.8,-16.3,20181230.0,0.0,0.8,1.7,2.8,3.7,5.1,8.5,11.4,16.4,17.6
71,2799,108,서울,2019-01,-0.9,4.1,-5.1,8.5,-10.1,20190119.0,20190116.0,1015.4,1026.4,1037.1,1017.7,20190103.0,20190123.0,2.7,6.0,0.9,20190120.0,20190131.0,-12.0,46.0,11.0,20190124.0,0.0,0.0,,,20190128.0,,,63.3,3.3,44.3,2.3,20190128.0,20190128.0,1.8,6.8,12.0,320.0,340.0,20190128.0,20190108.0,290.0,3.1,1.9,215.0,70.01,285.25,,,,,,-11.1,-16.3,20190109.0,-0.4,-0.7,-0.4,0.1,0.7,1.8,4.8,7.6,13.5,16.5
72,2800,108,서울,2019-02,1.0,6.0,-3.2,14.5,-10.2,20190223.0,20190208.0,1013.7,1024.5,1036.2,1008.0,20190212.0,20190203.0,3.2,8.4,0.9,20190203.0,20190214.0,-10.1,47.0,15.0,20190223.0,23.8,16.0,,,20190203.0,,,71.1,4.2,49.7,3.0,20190226.0,20190223.0,1.8,5.5,10.0,320.0,290.0,20190207.0,20190207.0,290.0,4.8,2.7,190.5,62.98,319.96,3.3,3.3,6.7,20190219.0,20190219.0,-7.8,-14.5,20190201.0,1.6,1.2,1.3,1.5,1.7,1.9,3.9,6.1,11.5,15.1
73,2801,108,서울,2019-03,7.1,12.4,2.7,17.6,-1.7,20190326.0,20190314.0,1006.6,1017.1,1026.3,999.6,20190308.0,20190321.0,5.1,11.6,1.5,20190321.0,20190313.0,-3.4,51.0,10.0,20190309.0,26.8,16.5,,,20190320.0,,,109.2,5.6,76.5,3.9,20190326.0,20190329.0,2.1,7.2,14.9,320.0,340.0,20190313.0,20190313.0,270.0,4.7,3.2,203.8,54.99,417.72,,,,,,-2.6,-8.4,20190314.0,8.2,7.1,7.2,7.0,6.8,6.9,6.8,7.5,10.5,13.9
74,2802,108,서울,2019-04,12.1,17.6,7.2,28.2,0.3,20190422.0,20190401.0,1004.8,1015.1,1025.1,1003.6,20190403.0,20190424.0,7.2,17.7,1.9,20190424.0,20190401.0,0.7,51.0,10.0,20190416.0,47.3,17.4,3.8,1.2,20190409.0,20190409.0,20190425.0,147.9,8.2,103.4,5.8,20190416.0,20190416.0,1.9,7.3,12.8,320.0,320.0,20190414.0,20190414.0,290.0,4.9,2.9,221.6,56.13,502.12,,,,,,1.6,-6.7,20190401.0,14.0,12.6,12.3,11.8,11.4,11.2,10.3,10.1,10.8,13.1
75,2803,108,서울,2019-05,19.4,25.6,13.7,33.4,8.4,20190524.0,20190507.0,1001.6,1011.5,1019.7,999.8,20190504.0,20190527.0,10.2,22.8,2.8,20190519.0,20190506.0,6.4,47.0,12.0,20190506.0,37.8,22.0,6.1,2.2,20190519.0,20190520.0,20190520.0,230.1,10.1,161.3,7.1,20190505.0,20190505.0,2.1,6.1,12.3,230.0,290.0,20190520.0,20190520.0,270.0,3.8,1.2,314.0,71.4,701.39,,,,,,8.2,-0.2,20190507.0,24.3,20.9,20.2,19.2,18.3,17.8,15.6,14.2,12.1,12.9
76,2804,108,서울,2019-06,22.5,27.7,18.1,32.8,14.1,20190625.0,20190602.0,997.2,1007.0,1016.1,994.3,20190625.0,20190629.0,16.1,25.2,7.0,20190627.0,20190602.0,13.8,61.0,22.0,20190602.0,74.0,35.3,12.1,4.7,20190607.0,20190607.0,20190618.0,178.8,8.8,124.9,6.2,20190624.0,20190624.0,1.7,5.3,9.9,270.0,320.0,20190615.0,20190603.0,290.0,5.4,3.4,235.1,53.18,589.02,,,,,,14.2,7.3,20190602.0,26.5,24.4,23.9,23.2,22.4,22.1,19.8,18.1,14.2,13.3
77,2805,108,서울,2019-07,25.9,30.1,22.7,36.1,19.3,20190706.0,20190710.0,996.2,1005.9,1012.2,997.7,20190717.0,20190720.0,22.6,33.2,12.3,20190725.0,20190707.0,19.1,69.0,24.0,20190706.0,194.4,62.3,26.3,11.9,20190731.0,20190731.0,20190731.0,144.2,9.5,101.0,6.7,20190706.0,20190706.0,1.8,5.9,11.8,200.0,180.0,20190730.0,20190730.0,200.0,7.2,5.3,150.1,33.44,426.99,,,,,,20.2,13.6,20190705.0,28.4,27.0,26.5,25.8,25.2,25.0,22.9,21.1,16.4,14.2
78,2806,108,서울,2019-08,27.2,31.6,23.6,36.8,18.5,20190806.0,20190831.0,996.9,1006.6,1015.6,990.8,20190831.0,20190815.0,24.2,37.6,12.6,20190803.0,20190823.0,20.4,69.0,28.0,20190823.0,190.5,56.2,29.4,7.6,20190812.0,20190829.0,20190829.0,160.1,8.1,112.1,5.7,20190810.0,20190810.0,1.6,7.5,12.1,200.0,200.0,20190829.0,20190829.0,270.0,5.6,3.5,239.3,58.59,486.24,,,,,,21.0,15.0,20190831.0,28.9,28.0,27.8,27.2,27.0,26.8,25.2,23.8,18.9,15.3
79,2807,108,서울,2019-09,22.6,27.1,19.0,30.5,13.6,20190916.0,20190919.0,1004.7,1014.6,1024.9,987.7,20190926.0,20190907.0,17.8,31.3,7.6,20190906.0,20190919.0,15.1,65.0,24.0,20190917.0,139.8,63.2,18.4,6.0,20190910.0,20190905.0,20190910.0,133.1,8.1,93.0,5.6,20190918.0,20190918.0,2.2,11.8,28.3,110.0,140.0,20190907.0,20190907.0,360.0,6.6,3.9,168.9,45.22,386.78,,,,,,15.4,8.0,20190919.0,24.0,23.5,23.8,23.6,23.8,24.1,23.9,23.6,20.6,16.7
80,2808,108,서울,2019-10,16.4,21.8,11.8,28.2,4.7,20191001.0,20191027.0,1008.8,1018.9,1029.6,1002.0,20191015.0,20191003.0,11.7,24.3,5.2,20191002.0,20191008.0,8.5,62.0,23.0,20191009.0,55.5,25.4,5.6,1.9,20191007.0,20191007.0,20191002.0,121.2,6.7,84.8,4.7,20191012.0,20191012.0,2.1,6.7,14.5,360.0,340.0,20191012.0,20191012.0,360.0,4.2,2.6,236.5,67.8,395.43,,,,,,7.0,-0.5,20191027.0,17.1,17.5,18.1,18.4,19.8,19.7,20.8,21.4,20.2,17.7
81,2809,108,서울,2019-11,7.6,12.9,3.1,22.1,-4.6,20191103.0,20191120.0,1012.2,1022.7,1034.5,1004.7,20191121.0,20191111.0,6.1,16.2,1.3,20191101.0,20191114.0,-1.5,56.0,14.0,20191108.0,78.8,21.1,,,20191117.0,,,82.1,5.0,57.3,3.5,20191107.0,20191107.0,2.2,7.0,12.1,270.0,340.0,20191118.0,20191118.0,290.0,4.1,2.3,203.2,66.45,284.28,,,,,,-1.1,-8.1,20191120.0,7.6,8.9,9.8,10.6,11.6,12.3,15.1,17.2,19.0,17.9
82,2810,108,서울,2019-12,1.4,5.3,-2.6,12.9,-10.9,20191216.0,20191231.0,1014.9,1025.8,1039.5,1013.1,20191205.0,20191217.0,4.2,11.6,0.9,20191217.0,20191206.0,-6.5,58.0,17.0,20191205.0,22.6,9.8,,,20191217.0,,,52.4,2.9,36.6,2.0,20191204.0,20191204.0,2.1,7.5,13.1,340.0,320.0,20191231.0,20191230.0,290.0,4.4,3.4,164.2,54.93,223.25,0.0,0.0,0.0,20191207.0,20191207.0,-6.5,-15.2,20191206.0,1.6,2.5,3.3,4.1,5.0,5.8,9.0,11.8,16.7,17.5
83,2811,108,서울,2020-01,1.6,5.9,-1.7,11.9,-6.5,20200126.0,20200101.0,1012.8,1023.6,1034.0,997.4,20200101.0,20200108.0,3.9,10.7,1.5,20200108.0,20200114.0,-6.9,56.0,17.0,20200118.0,60.5,46.3,,,20200107.0,,,60.5,4.3,42.3,3.0,20200126.0,20200126.0,2.1,7.0,13.7,70.0,90.0,20200127.0,20200127.0,290.0,4.8,2.8,177.9,57.93,252.58,0.3,0.3,0.3,20200119.0,20200119.0,-6.3,-12.2,20200121.0,1.0,1.4,1.8,2.4,3.0,3.4,5.8,8.2,14.0,16.4
84,2812,108,서울,2020-02,2.5,7.2,-1.3,15.6,-11.8,20200215.0,20200206.0,1014.0,1024.8,1036.7,1011.4,20200206.0,20200216.0,4.6,10.2,1.0,20200212.0,20200207.0,-5.6,58.0,14.0,20200207.0,53.1,16.6,,,20200225.0,,,67.5,3.8,47.3,2.7,20200227.0,20200227.0,2.3,8.2,14.4,320.0,290.0,20200222.0,20200222.0,290.0,4.7,3.6,185.0,58.99,313.44,5.5,3.9,8.6,20200217.0,20200216.0,-5.6,-15.7,20200206.0,3.1,3.3,3.7,3.9,4.4,4.5,5.7,7.4,12.2,15.1
85,2813,108,서울,2020-03,7.7,13.3,2.6,20.6,-2.8,20200326.0,20200305.0,1007.1,1017.6,1027.5,1000.7,20200305.0,20200319.0,4.8,15.3,1.3,20200327.0,20200328.0,-4.4,46.0,11.0,20200328.0,16.3,11.8,,,20200310.0,,,143.6,7.8,100.5,5.4,20200322.0,20200322.0,2.5,8.2,16.3,250.0,270.0,20200319.0,20200319.0,270.0,3.4,2.0,262.9,70.77,515.18,,,,,,-3.1,-9.2,20200306.0,8.9,8.3,8.3,8.1,8.4,8.0,7.9,8.5,11.3,14.0
86,2814,108,서울,2020-04,11.1,16.6,6.3,23.8,1.9,20200416.0,20200405.0,1006.7,1017.0,1026.4,1007.2,20200410.0,20200425.0,6.6,16.6,1.4,20200430.0,20200405.0,-0.1,50.0,10.0,20200404.0,16.9,10.3,3.9,3.0,20200419.0,20200417.0,20200417.0,179.0,8.5,125.4,6.0,20200404.0,20200404.0,3.0,8.9,17.0,290.0,230.0,20200421.0,20200421.0,290.0,3.1,1.7,283.3,71.59,637.52,,,,,,0.7,-6.4,20200406.0,15.4,12.8,12.8,12.8,12.6,12.2,11.7,11.5,11.8,13.5
87,2815,108,서울,2020-05,18.0,23.3,13.7,30.0,9.2,20200530.0,20200520.0,1000.1,1010.1,1018.9,992.0,20200514.0,20200518.0,13.5,20.5,3.3,20200502.0,20200508.0,10.9,67.0,11.0,20200508.0,112.4,29.8,19.8,11.5,20200518.0,20200518.0,20200518.0,162.6,10.1,113.8,7.0,20200506.0,20200506.0,2.4,7.2,16.4,70.0,290.0,20200519.0,20200518.0,290.0,6.3,4.3,177.9,40.38,564.83,,,,,,10.1,3.9,20200513.0,21.4,19.4,18.9,19.3,18.3,17.6,15.8,14.7,13.4,13.4
88,2816,108,서울,2020-06,23.9,29.0,19.9,35.4,14.8,20200622.0,20200602.0,996.2,1005.9,1016.2,989.4,20200608.0,20200630.0,19.4,24.6,11.1,20200625.0,20200601.0,16.9,68.0,26.0,20200622.0,139.6,64.7,15.9,4.7,20200630.0,20200630.0,20200630.0,188.8,10.3,132.1,7.2,20200622.0,20200622.0,2.3,7.6,14.5,50.0,50.0,20200630.0,20200630.0,290.0,5.9,3.4,206.1,46.62,603.98,,,,,,16.5,9.9,20200602.0,28.7,25.6,24.8,25.4,24.1,23.3,20.8,18.9,15.0,13.7
89,2817,108,서울,2020-07,24.1,28.0,21.1,32.9,17.2,20200709.0,20200714.0,996.9,1006.7,1015.1,997.6,20200731.0,20200724.0,22.7,30.6,15.4,20200731.0,20200703.0,19.4,77.0,34.0,20200703.0,270.4,103.1,27.1,9.3,20200723.0,20200729.0,20200729.0,139.2,8.5,97.4,6.0,20200703.0,20200703.0,2.4,8.7,16.1,50.0,50.0,20200724.0,20200724.0,50.0,7.5,5.0,119.4,26.62,464.55,,,,,,18.8,15.5,20200705.0,25.8,25.4,24.8,24.8,24.4,24.1,22.9,21.9,17.7,14.6
90,2818,108,서울,2020-08,26.5,29.3,24.4,34.5,21.5,20200826.0,20200823.0,998.6,1008.3,1014.8,993.8,20200817.0,20200827.0,29.2,34.4,23.2,20200810.0,20200823.0,23.6,85.0,49.0,20200825.0,675.7,102.6,32.5,14.9,20200803.0,20200830.0,20200803.0,99.7,7.2,69.7,5.0,20200826.0,20200826.0,2.3,8.3,15.6,180.0,140.0,20200803.0,20200827.0,200.0,8.1,6.2,74.7,17.76,325.97,,,,,,22.3,18.7,20200815.0,27.0,27.2,26.6,26.4,26.3,26.1,25.0,24.3,21.3,16.8
91,2819,108,서울,2020-09,21.4,25.6,18.0,29.5,13.6,20200901.0,20200921.0,1001.9,1011.8,1020.4,984.7,20200922.0,20200907.0,17.9,29.5,9.2,20200902.0,20200919.0,15.4,71.0,27.0,20200919.0,181.5,61.0,34.0,15.3,20200907.0,20200930.0,20200930.0,136.4,7.1,95.7,4.9,20200922.0,20200922.0,2.5,9.8,21.5,270.0,290.0,20200903.0,20200903.0,50.0,5.8,3.4,174.3,46.77,452.05,,,,,,14.4,7.3,20200921.0,22.4,23.0,22.6,22.9,23.5,23.7,24.4,24.4,22.0,17.8
92,2820,108,서울,2020-10,14.3,19.5,9.6,23.6,3.2,20201001.0,20201024.0,1010.5,1020.7,1029.0,1008.8,20201008.0,20201004.0,10.0,20.5,3.8,20201003.0,20201014.0,6.1,61.0,20.0,20201014.0,0.0,0.0,0.0,0.0,20201022.0,20201022.0,20201022.0,123.3,6.6,86.2,4.6,20201008.0,20201008.0,2.1,7.2,13.7,320.0,320.0,20201004.0,20201004.0,270.0,3.7,1.5,227.1,65.3,428.25,,,,,,4.9,-1.6,20201024.0,14.4,16.2,16.0,16.6,17.5,18.3,20.4,21.4,21.2,18.4
93,2821,108,서울,2020-11,8.0,12.6,4.0,20.0,-3.6,20201117.0,20201130.0,1014.5,1025.1,1037.2,1003.2,20201130.0,20201119.0,7.4,21.4,2.2,20201119.0,20201128.0,1.0,64.0,18.0,20201108.0,120.1,86.9,,,20201119.0,,,72.8,4.7,51.0,3.3,20201108.0,20201108.0,2.2,8.4,15.6,290.0,290.0,20201103.0,20201103.0,270.0,4.1,2.9,171.5,56.17,281.51,,,,,,0.7,-7.6,20201130.0,8.1,9.8,9.6,10.3,11.4,12.5,15.4,17.4,19.7,18.5
94,2822,108,서울,2020-12,-0.3,3.9,-4.2,11.4,-12.9,20201228.0,20201231.0,1015.9,1026.8,1038.4,1014.3,20201201.0,20201213.0,3.7,8.4,1.1,20201224.0,20201215.0,-8.0,58.0,24.0,20201217.0,4.6,2.9,,,20201213.0,,,55.2,2.6,38.6,1.8,20201201.0,20201201.0,2.2,6.5,11.7,290.0,290.0,20201224.0,20201224.0,270.0,3.3,2.2,203.6,68.16,276.39,3.2,3.2,3.5,20201213.0,20201213.0,-7.7,-14.9,20201217.0,-0.4,1.7,1.4,2.1,3.3,4.9,9.0,12.2,17.4,18.0
